                  epoch,         train/box_loss,         train/seg_loss,         train/cls_loss,         train/dfl_loss,   metrics/precision(B),      metrics/recall(B),       metrics/mAP50(B),    metrics/mAP50-95(B),   metrics/precision(M),      metrics/recall(M),       metrics/mAP50(M),    metrics/mAP50-95(M),           val/box_loss,           val/seg_loss,           val/cls_loss,           val/dfl_loss,                 lr/pg0,                 lr/pg1,                 lr/pg2
                      1,                 1.8403,                 7.9677,                 3.7401,                 1.4524,                0.00431,                0.13483,                0.06705,                0.03451,                 0.0018,                0.05618,                0.02336,                0.00246,                 1.2424,                 5.1839,                  3.707,                 1.1732,             0.00013336,             0.00013336,             0.00013336
                      2,                 1.4236,                 5.3188,                 2.9985,                 1.1691,                0.01705,                  0.498,                0.33266,                0.25701,                0.01111,                0.32451,                0.03858,                0.00861,                 1.0815,                 5.1673,                 3.2279,                0.93549,             0.00028269,             0.00028269,             0.00028269
                      3,                 1.1493,                 3.9214,                 1.5462,                0.98065,                0.96393,                 0.2168,                0.31776,                 0.2643,                0.01398,                0.43893,                0.01441,                0.00322,                  1.089,                 5.1369,                  2.919,                0.96579,             0.00043127,             0.00043127,             0.00043127
                      4,                 1.0421,                 2.5786,                 1.3029,                0.95857,                      1,                0.12339,                 0.4344,                  0.344,                0.97723,                0.11778,                0.38553,                 0.1283,                   1.09,                 4.9237,                 2.6854,                0.99334,             0.00057912,             0.00057912,             0.00057912
                      5,                 1.1237,                 2.2063,                  1.334,                0.97538,                0.87849,                0.36517,                0.61789,                0.40486,                0.86685,                0.35393,                0.60505,                0.33153,                  1.179,                 3.9371,                 2.2979,                0.98416,             0.00072622,             0.00072622,             0.00072622
                      6,                 1.1238,                 1.9057,                 1.2825,                0.97167,                0.82675,                0.47191,                0.71121,                0.49118,                 0.9317,                0.39059,                0.69147,                0.37375,                 1.1251,                 3.2339,                 2.0273,                0.97288,             0.00087258,             0.00087258,             0.00087258
                      7,                 1.1098,                 1.8947,                 1.2471,                   0.97,                0.66713,                0.48183,                 0.6471,                0.43205,                0.66713,                0.48183,                0.64956,                0.39064,                 1.2396,                 2.5407,                 2.0001,                  1.011,              0.0010182,              0.0010182,              0.0010182
                      8,                 1.1177,                  1.734,                 1.2429,                0.97219,                0.66471,                0.57292,                0.74278,                0.49344,                0.65685,                0.56169,                0.73427,                0.48188,                 1.1935,                 2.1402,                 1.5954,                 1.0192,              0.0011631,              0.0011631,              0.0011631
                      9,                  1.131,                 1.6865,                  1.225,                0.97325,                0.72984,                0.61211,                0.76421,                0.51276,                0.71788,                0.60557,                0.75464,                0.50674,                 1.0728,                 1.8703,                 1.6228,                0.95338,              0.0013072,              0.0013072,              0.0013072
                     10,                 1.0561,                 1.5879,                 1.1204,                0.95405,                0.70795,                0.75542,                 0.7864,                0.52429,                0.69755,                0.74243,                0.77647,                0.48232,                 1.1033,                 1.7719,                 1.4242,                0.95867,              0.0014506,              0.0014506,              0.0014506
                     11,                 1.0418,                 1.5418,                 1.0565,                0.94634,                0.67696,                0.70702,                0.77807,                0.52305,                0.67213,                0.69811,                0.78052,                  0.508,                 1.0423,                 1.6387,                  1.419,                0.94791,              0.0015932,              0.0015932,              0.0015932
                     12,                 1.0897,                  1.541,                 1.1025,                0.96373,                0.70916,                0.80651,                0.82491,                0.53504,                0.69933,                0.78485,                0.79185,                0.48847,                 1.0623,                 1.6865,                 1.3266,                0.95507,              0.0016216,              0.0016216,              0.0016216
                     13,                 1.0601,                 1.6166,                 1.0754,                0.96968,                0.81519,                0.78069,                0.84391,                 0.5619,                  0.824,                0.77791,                0.85669,                0.54804,                 1.0657,                 1.5309,                 1.0833,                0.96259,              0.0016216,              0.0016216,              0.0016216
                     14,                 1.0447,                 1.5725,                 1.0851,                0.95659,                0.76104,                0.78646,                0.83927,                0.54927,                 0.7512,                0.76752,                 0.8221,                0.52097,                 1.0552,                 1.5629,                 1.1235,                0.97063,              0.0016175,              0.0016175,              0.0016175
                     15,                 1.0416,                 1.4971,                 1.0556,                0.96137,                0.74993,                0.84025,                0.82745,                0.57717,                0.74274,                0.81327,                0.81975,                0.52821,                 1.0753,                 1.6007,                 1.0276,                0.99109,              0.0016134,              0.0016134,              0.0016134
                     16,                 1.0377,                 1.5459,                0.95422,                0.94553,                0.62709,                0.71139,                0.64689,                0.44056,                0.62709,                0.71139,                0.64838,                0.43171,                 1.1097,                 1.5774,                  1.501,                0.99798,              0.0016092,              0.0016092,              0.0016092
                     17,                 1.0586,                 1.5256,                0.94288,                0.93437,                0.70294,                0.85015,                0.81077,                0.55374,                0.71519,                 0.8642,                0.83336,                0.53109,                 1.0848,                 1.5703,                 1.0218,                0.96001,              0.0016051,              0.0016051,              0.0016051
                     18,                 1.0094,                 1.4748,                0.91964,                0.93929,                0.78383,                0.80926,                0.85304,                 0.5913,                0.79397,                0.79932,                0.86126,                0.56183,                 1.0068,                 1.4586,                 1.0489,                 0.9754,               0.001601,               0.001601,               0.001601
                     19,                 1.0054,                 1.4762,                 1.0084,                0.94372,                 0.7324,                0.87831,                0.85163,                0.59662,                0.76494,                 0.8551,                0.86961,                0.56614,                 1.0343,                 1.4598,                0.96659,                0.97509,              0.0015969,              0.0015969,              0.0015969
                     20,                 0.9817,                 1.4085,                0.90545,                0.94737,                0.76575,                0.86995,                0.86415,                 0.6224,                0.76497,                0.87624,                0.87652,                0.56493,                0.97883,                 1.4548,                0.90849,                0.96377,              0.0015927,              0.0015927,              0.0015927
                     21,                 1.0081,                 1.4751,                0.90387,                0.93932,                0.77281,                0.83035,                0.86381,                0.59869,                0.77823,                0.83463,                0.87587,                0.54749,                  1.056,                 1.5519,                0.93299,                0.97572,              0.0015886,              0.0015886,              0.0015886
                     22,                0.96515,                 1.4111,                0.86685,                0.92751,                  0.775,                0.83463,                0.86749,                 0.6328,                0.78067,                0.86433,                 0.8888,                0.58605,                0.94155,                 1.4283,                 0.8928,                0.95538,              0.0015845,              0.0015845,              0.0015845
                     23,                0.94357,                 1.3767,                0.84331,                0.92482,                 0.8539,                0.82943,                0.88729,                 0.6231,                0.86505,                0.83982,                0.90001,                0.56977,                0.96981,                 1.4576,                0.90147,                0.94837,              0.0015804,              0.0015804,              0.0015804
                     24,                0.94921,                 1.3483,                0.83173,                0.91698,                0.78154,                0.82664,                0.87557,                0.58853,                0.80232,                0.80626,                0.87365,                0.52698,                 1.0566,                 1.5038,                0.99059,                0.98068,              0.0015762,              0.0015762,              0.0015762
                     25,                0.98473,                 1.3987,                0.91944,                0.92723,                0.87931,                0.80099,                0.87106,                0.61337,                0.88379,                0.80626,                 0.8997,                0.56613,                 1.0123,                  1.353,                0.94771,                0.95733,              0.0015721,              0.0015721,              0.0015721
                     26,                0.93174,                 1.2665,                0.85626,                0.94326,                0.75756,                0.77656,                0.86643,                0.61617,                0.80469,                0.77656,                 0.8788,                0.54583,                0.95057,                 1.3906,                 1.0187,                0.94381,               0.001568,               0.001568,               0.001568
                     27,                0.92619,                 1.3751,                0.90676,                0.93479,                0.71803,                0.89537,                 0.8699,                0.61722,                0.74122,                 0.9141,                0.88907,                0.54969,                0.94895,                 1.4157,                0.91735,                0.95084,              0.0015639,              0.0015639,              0.0015639
                     28,                0.93504,                 1.3451,                0.84068,                0.92288,                0.82044,                0.77161,                0.88157,                0.61802,                0.71464,                0.87521,                 0.8964,                0.54459,                0.94819,                 1.4077,                0.92436,                0.95141,              0.0015597,              0.0015597,              0.0015597
                     29,                0.92089,                 1.2918,                0.82697,                0.91729,                 0.7843,                0.85082,                 0.8896,                0.64654,                0.78548,                0.87062,                0.90607,                 0.5864,                0.90228,                 1.3453,                 0.8337,                0.93315,              0.0015556,              0.0015556,              0.0015556
                     30,                0.90679,                 1.3007,                  0.806,                0.91675,                0.77324,                0.85297,                0.86393,                0.60007,                0.77496,                0.85015,                 0.8704,                0.53134,                0.95091,                 1.3932,                0.87972,                0.94685,              0.0015515,              0.0015515,              0.0015515
                     31,                0.94185,                 1.3455,                0.79061,                0.92008,                0.82394,                0.83035,                0.88343,                0.63595,                0.83702,                0.84025,                0.89589,                  0.567,                0.93972,                 1.3988,                 0.8258,                0.94746,              0.0015474,              0.0015474,              0.0015474
                     32,                0.92403,                 1.3248,                0.79684,                 0.9117,                0.81661,                0.86081,                0.89945,                0.64895,                0.82564,                0.85934,                0.90708,                0.56487,                0.94084,                 1.3833,                0.81257,                0.94495,              0.0015432,              0.0015432,              0.0015432
                     33,                0.93302,                 1.3899,                0.77504,                 0.9146,                0.80268,                0.82319,                0.85581,                0.59144,                0.81059,                 0.8267,                0.87709,                0.53628,                0.99044,                 1.4283,                0.93781,                0.95988,              0.0015391,              0.0015391,              0.0015391
                     34,                0.92835,                 1.3459,                0.79627,                0.92066,                0.76611,                0.83836,                 0.8386,                0.59935,                0.85617,                0.77915,                 0.8615,                0.52685,                0.98861,                  1.476,                0.87702,                0.95823,               0.001535,               0.001535,               0.001535
                     35,                0.91149,                 1.2585,                0.80101,                0.94521,                0.80228,                0.87323,                0.84336,                0.59804,                0.80567,                0.87909,                0.86984,                0.56949,                  1.017,                 1.3876,                0.85705,                0.97359,              0.0015308,              0.0015308,              0.0015308
                     36,                 0.9012,                 1.2785,                  0.783,                0.92144,                0.81903,                0.84025,                 0.8859,                 0.6358,                0.79364,                0.86567,                0.90209,                0.55222,                0.94917,                 1.4321,                 0.7951,                0.93264,              0.0015267,              0.0015267,              0.0015267
                     37,                0.91766,                 1.2926,                0.76802,                0.92312,                0.81098,                0.84653,                0.89006,                0.63317,                0.80673,                0.89017,                0.90831,                0.59444,                0.93933,                 1.3614,                 0.7935,                0.93361,              0.0015226,              0.0015226,              0.0015226
                     38,                0.97933,                  1.318,                0.80201,                0.92454,                0.82876,                0.80198,                 0.8831,                0.58981,                0.78726,                0.77997,                0.85043,                0.50343,                 1.0884,                  1.577,                0.84714,                0.97805,              0.0015185,              0.0015185,              0.0015185
                     39,                0.99519,                 1.4013,                0.80878,                0.93699,                0.82486,                0.83663,                0.88134,                0.62955,                0.82047,                0.85082,                0.89194,                0.56239,                0.96157,                 1.4546,                0.78493,                0.94794,              0.0015143,              0.0015143,              0.0015143
                     40,                0.94518,                 1.3211,                0.84103,                0.93259,                0.85117,                0.82475,                0.88132,                0.62281,                 0.8268,                0.80343,                0.86105,                0.56167,                0.99799,                 1.3838,                0.80095,                0.95664,              0.0015102,              0.0015102,              0.0015102
                     41,                0.88797,                 1.2917,                0.75858,                0.91266,                0.87938,                0.84587,                0.88934,                0.63768,                0.87553,                0.85431,                0.90562,                0.58171,                0.95675,                 1.3628,                0.74345,                0.94417,              0.0015061,              0.0015061,              0.0015061
                     42,                0.92491,                    1.3,                0.75041,                0.92538,                0.83144,                0.85562,                0.88178,                0.62848,                0.81716,                 0.8551,                0.88749,                0.59246,                 0.9759,                 1.3269,                0.75294,                0.95478,               0.001502,               0.001502,               0.001502
                     43,                0.88789,                 1.2083,                0.72361,                0.90776,                0.75181,                0.84907,                 0.8401,                 0.6108,                0.77344,                0.86379,                0.86678,                0.56327,                0.94586,                 1.3558,                0.81959,                0.94776,              0.0014978,              0.0014978,              0.0014978
                     44,                0.88677,                 1.2542,                0.73322,                0.89462,                0.82179,                0.87133,                0.86463,                0.63745,                0.81822,                0.87115,                0.88224,                 0.5741,                0.92044,                 1.4313,                0.75272,                0.94778,              0.0014937,              0.0014937,              0.0014937
                     45,                0.87407,                  1.272,                0.72942,                0.91081,                0.77805,                0.86433,                 0.8556,                0.63687,                0.81375,                0.86851,                0.88963,                0.59475,                0.91702,                 1.3689,                0.74122,                0.92984,              0.0014896,              0.0014896,              0.0014896
                     46,                0.85888,                 1.2238,                0.73922,                0.90643,                0.82511,                 0.8879,                0.88369,                0.64716,                0.81591,                0.87574,                0.89093,                0.59787,                 0.8888,                 1.3639,                0.73662,                0.92376,              0.0014855,              0.0014855,              0.0014855
                     47,                0.86437,                 1.2173,                0.72757,                0.89688,                0.80275,                0.89914,                0.89234,                0.65332,                0.80304,                0.89903,                 0.8983,                0.59303,                0.90864,                 1.3807,                0.69353,                0.92769,              0.0014813,              0.0014813,              0.0014813
                     48,                0.90423,                 1.3691,                0.71914,                0.91948,                0.76278,                0.86433,                0.85759,                0.63357,                0.79408,                0.82473,                0.87323,                0.59027,                0.97293,                 1.3623,                0.76825,                0.95026,              0.0014772,              0.0014772,              0.0014772
                     49,                0.91284,                 1.3028,                0.71389,                0.91095,                0.86797,                0.84737,                0.89587,                0.66828,                0.87916,                0.85663,                0.91184,                0.61557,                0.90881,                 1.2967,                0.70716,                0.92892,              0.0014731,              0.0014731,              0.0014731
                     50,                0.84534,                 1.2661,                0.69546,                0.89345,                0.84001,                0.86005,                 0.8999,                0.65205,                0.85094,                  0.865,                0.91777,                0.59952,                0.98284,                 1.3954,                0.70166,                0.95274,               0.001469,               0.001469,               0.001469
                     51,                0.87923,                 1.3131,                0.70602,                0.90874,                0.81521,                0.88547,                0.88229,                0.64792,                0.84208,                0.88052,                0.90308,                0.58359,                0.93223,                 1.3382,                0.74358,                0.94378,              0.0014648,              0.0014648,              0.0014648
                     52,                0.87936,                 1.2777,                0.68537,                0.90106,                0.86023,                0.87557,                0.90205,                0.65249,                0.86562,                0.88052,                0.92012,                0.58978,                 0.9824,                 1.3843,                0.72224,                0.95593,              0.0014607,              0.0014607,              0.0014607
                     53,                0.91614,                 1.3175,                 0.7058,                0.91275,                0.86531,                0.84749,                0.90662,                0.65895,                 0.8835,                0.83597,                 0.9194,                0.58268,                0.93087,                 1.3091,                0.71099,                0.94536,              0.0014566,              0.0014566,              0.0014566
                     54,                0.85537,                 1.2055,                0.64998,                0.90838,                0.83581,                0.84587,                0.90598,                0.64557,                0.82321,                 0.8353,                0.90312,                0.60643,                0.98436,                 1.3075,                0.72942,                0.94778,              0.0014525,              0.0014525,              0.0014525
                     55,                0.86405,                 1.2465,                0.65251,                0.90201,                0.86287,                0.82106,                0.90346,                0.64803,                0.86071,                0.81121,                0.88384,                0.56551,                0.91944,                  1.337,                 0.7153,                 0.9283,              0.0014483,              0.0014483,              0.0014483
                     56,                0.88051,                 1.2367,                0.71107,                0.91794,                0.81987,                0.84092,                 0.8929,                0.64742,                 0.8235,                0.85281,                0.90582,                0.59684,                0.93241,                 1.3711,                 0.7188,                0.93093,              0.0014442,              0.0014442,              0.0014442
                     57,                0.83503,                 1.1998,                0.65169,                0.89593,                0.79128,                0.86139,                0.88915,                0.61635,                0.75189,                0.83597,                 0.8699,                0.53074,                0.94157,                 1.3825,                0.79356,                 0.9373,              0.0014401,              0.0014401,              0.0014401
                     58,                0.85788,                 1.2415,                0.66188,                 0.8974,                0.80077,                0.86139,                0.88493,                0.63201,                0.79083,                0.86072,                0.89288,                0.55033,                0.92299,                 1.3682,                0.75021,                0.95359,               0.001436,               0.001436,               0.001436
                     59,                0.84421,                 1.2516,                0.68268,                 0.9039,                0.80232,                0.88648,                0.89222,                0.65549,                0.81069,                0.89042,                0.91383,                0.59371,                 0.8943,                 1.3317,                0.68482,                 0.9472,              0.0014318,              0.0014318,              0.0014318
                     60,                0.83617,                 1.2161,                0.66632,                0.90424,                0.83213,                0.83035,                 0.8701,                0.65528,                0.85043,                0.84453,                0.89889,                0.61353,                0.92062,                 1.3264,                0.69939,                0.94616,              0.0014277,              0.0014277,              0.0014277
                     61,                  0.867,                 1.2306,                 0.6717,                0.91071,                0.79302,                0.85015,                 0.8845,                0.64941,                0.79503,                0.85212,                0.88962,                0.59134,                0.90739,                 1.3726,                0.70367,                0.93602,              0.0014236,              0.0014236,              0.0014236
                     62,                0.88872,                 1.2405,                0.69296,                0.91309,                  0.837,                0.84158,                0.87732,                0.63475,                0.84152,                0.82892,                0.89146,                0.56806,                0.96293,                 1.3934,                 0.7128,                 0.9444,              0.0014195,              0.0014195,              0.0014195
                     63,                0.86478,                 1.1878,                0.68614,                0.91895,                0.82816,                0.85149,                0.87976,                0.64812,                0.83646,                0.86139,                0.89778,                0.60595,                0.92096,                 1.4816,                0.68607,                0.94123,              0.0014153,              0.0014153,              0.0014153
                     64,                0.89803,                  1.258,                0.70174,                0.90837,                0.83855,                0.89042,                0.90058,                0.66066,                0.83855,                0.89042,                0.89682,                0.58145,                0.96435,                 1.3742,                0.68035,                 0.9446,              0.0014112,              0.0014112,              0.0014112
                     65,                0.88203,                 1.2478,                0.66467,                0.90363,                0.82992,                0.89987,                0.89577,                0.65432,                0.83987,                0.90926,                0.91441,                0.60754,                0.91121,                 1.3429,                0.69959,                0.93966,              0.0014071,              0.0014071,              0.0014071
                     66,                 0.8435,                 1.2106,                0.63103,                0.89883,                0.82636,                0.87557,                 0.9049,                0.66146,                0.81418,                0.91022,                0.91698,                0.60197,                 0.8763,                 1.3028,                0.67242,                0.92943,              0.0014029,              0.0014029,              0.0014029
                     67,                0.80154,                 1.1685,                0.63647,                 0.8938,                0.82714,                0.88547,                0.90589,                 0.6601,                 0.8441,                0.89537,                0.92395,                0.58423,                0.91696,                 1.3501,                0.67487,                0.93635,              0.0013988,              0.0013988,              0.0013988
                     68,                0.90537,                 1.2215,                0.79887,                0.90885,                0.83526,                 0.8959,                0.90744,                0.65055,                 0.8488,                0.89577,                0.92318,                0.58427,                0.93305,                 1.3541,                0.66371,                0.94438,              0.0013947,              0.0013947,              0.0013947
                     69,                0.85023,                 1.1949,                0.61595,                0.90092,                0.80797,                0.92574,                 0.9084,                 0.6549,                0.79492,                0.91058,                0.90722,                0.56868,                0.93641,                 1.4056,                0.67831,                0.94228,              0.0013906,              0.0013906,              0.0013906
                     70,                0.84828,                 1.2151,                0.62889,                0.89066,                0.83852,                0.90194,                0.90256,                0.66179,                0.83893,                0.90099,                0.90297,                0.59299,                0.90787,                 1.3191,                0.67437,                0.94183,              0.0013864,              0.0013864,              0.0013864
                     71,                0.83916,                 1.1903,                0.65033,                0.88931,                  0.839,                0.90032,                 0.9037,                0.64315,                0.82858,                0.87688,                 0.8958,                0.56626,                0.97144,                  1.329,                0.66809,                0.94545,              0.0013823,              0.0013823,              0.0013823
                     72,                0.83781,                 1.1554,                0.59513,                0.90052,                0.85233,                0.88547,                0.91362,                 0.6779,                0.83489,                0.88388,                0.89676,                0.59988,                0.89834,                 1.3244,                0.63491,                0.92949,              0.0013782,              0.0013782,              0.0013782
                     73,                0.86089,                 1.2416,                0.61413,                0.90485,                0.81126,                0.89604,                0.91075,                0.66661,                0.81251,                0.89042,                0.90108,                0.58356,                 0.9203,                 1.2924,                0.65027,                0.94194,              0.0013741,              0.0013741,              0.0013741
                     74,                0.82957,                 1.1705,                0.59645,                0.88268,                0.78355,                0.89604,                0.90208,                0.65849,                0.77438,                0.87129,                0.88785,                0.58328,                0.97409,                 1.3884,                0.67468,                0.95983,              0.0013699,              0.0013699,              0.0013699
                     75,                 0.8168,                 1.1169,                0.58959,                0.89008,                 0.8127,                0.89947,                0.90608,                0.67513,                0.82332,                0.90919,                0.92362,                0.61729,                 0.9095,                 1.2483,                0.65945,                0.94461,              0.0013658,              0.0013658,              0.0013658
                     76,                0.82777,                 1.1941,                0.59834,                0.90153,                 0.8521,                0.87776,                0.90357,                0.66023,                0.84663,                0.87281,                0.91797,                0.57964,                0.94993,                  1.444,                0.68109,                0.94854,              0.0013617,              0.0013617,              0.0013617
                     77,                0.83356,                 1.2145,                0.62687,                 0.8888,                0.84714,                0.86567,                0.89617,                0.66636,                0.84714,                0.86567,                0.91396,                0.60881,                0.91047,                 1.3053,                0.65296,                0.93393,              0.0013576,              0.0013576,              0.0013576
                     78,                0.83559,                  1.158,                 0.6072,                0.90186,                 0.8563,                0.83958,                0.88279,                 0.6428,                 0.8563,                0.83958,                0.88741,                0.58003,                0.90677,                 1.3833,                0.69013,                0.94577,              0.0013534,              0.0013534,              0.0013534
                     79,                0.83067,                 1.1911,                0.61737,                0.89457,                0.82267,                 0.8845,                0.87207,                0.64785,                0.80812,                0.86898,                0.87778,                0.59077,                0.88789,                 1.2416,                0.67489,                0.94429,              0.0013493,              0.0013493,              0.0013493
                     80,                0.78865,                 1.0969,                0.63014,                0.88708,                0.83612,                0.85586,                0.90009,                0.67483,                0.84748,                 0.8654,                0.90827,                0.60327,                0.86832,                 1.2903,                0.64119,                0.92757,              0.0013452,              0.0013452,              0.0013452
                     81,                0.85311,                 1.2153,                0.60649,                0.88359,                0.86067,                0.85505,                0.89008,                0.67057,                0.87165,                0.86451,                0.90573,                0.60753,                0.92982,                 1.3749,                0.67272,                0.94164,              0.0013411,              0.0013411,              0.0013411
                     82,                 0.8288,                 1.1794,                0.60245,                 0.8795,                0.80339,                 0.9068,                0.89404,                0.68282,                0.81334,                0.90774,                0.91525,                0.60091,                0.88259,                 1.3453,                0.67152,                0.92903,              0.0013369,              0.0013369,              0.0013369
                     83,                0.83751,                 1.1566,                0.61089,                0.89408,                0.81203,                0.89254,                  0.904,                0.68748,                0.82562,                0.90503,                0.92667,                0.61114,                0.90235,                   1.33,                0.65196,                0.92942,              0.0013328,              0.0013328,              0.0013328
                     84,                0.79068,                 1.1434,                0.60023,                0.87917,                0.86326,                0.87677,                0.90826,                0.67523,                0.86361,                0.90018,                0.91092,                0.59599,                0.92096,                 1.3418,                0.63758,                 0.9238,              0.0013287,              0.0013287,              0.0013287
                     85,                0.81263,                  1.192,                0.60523,                0.89921,                0.81924,                0.90032,                 0.8982,                0.67763,                0.81667,                0.90527,                0.90753,                0.60089,                0.89776,                 1.3746,                0.69196,                 0.9253,              0.0013246,              0.0013246,              0.0013246
                     86,                0.81961,                 1.1541,                0.59646,                0.90014,                0.82655,                0.87989,                0.90181,                0.67335,                0.82173,                0.87427,                0.91452,                0.61485,                0.88808,                 1.2981,                0.68405,                0.92936,              0.0013204,              0.0013204,              0.0013204
                     87,                0.77546,                 1.0793,                0.55467,                0.87344,                0.81981,                0.89604,                0.89389,                0.65128,                0.80478,                0.88052,                0.89283,                0.57152,                 0.9236,                   1.38,                 0.6551,                0.95474,              0.0013163,              0.0013163,              0.0013163
                     88,                0.79238,                  1.149,                0.59051,                0.88194,                 0.8286,                0.88052,                0.88457,                0.65289,                0.82591,                0.87954,                0.88983,                 0.5925,                0.89535,                 1.3048,                  0.657,                0.95521,              0.0013122,              0.0013122,              0.0013122
                     89,                0.79784,                 1.1457,                0.59871,                0.87896,                0.80975,                0.88721,                0.87958,                0.64102,                0.86768,                0.87046,                  0.903,                0.58027,                0.96716,                 1.3718,                0.68037,                0.96242,              0.0013081,              0.0013081,              0.0013081
                     90,                0.80475,                 1.1315,                0.58264,                0.89118,                0.80256,                0.85015,                0.88267,                0.65795,                0.77382,                 0.8848,                 0.8823,                0.59762,                0.88438,                 1.2951,                0.65779,                0.95349,              0.0013039,              0.0013039,              0.0013039
                     91,                0.83086,                 1.1579,                0.59785,                0.87575,                0.76327,                 0.8824,                0.88426,                 0.6437,                0.75874,                0.87678,                 0.8835,                0.55163,                0.93315,                 1.3922,                0.68276,                 0.9566,              0.0012998,              0.0012998,              0.0012998
                     92,                0.78743,                 1.1478,                0.56727,                0.87919,                0.76749,                0.87146,                0.90073,                0.66733,                0.78648,                0.86023,                0.90353,                0.59588,                 0.9266,                 1.3576,                0.65373,                0.96576,              0.0012957,              0.0012957,              0.0012957
                     93,                0.78336,                 1.0932,                0.58316,                0.87374,                0.87933,                0.84116,                0.91457,                0.67877,                0.87778,                0.84496,                0.92746,                0.59482,                0.89498,                 1.3891,                0.63309,                0.95622,              0.0012915,              0.0012915,              0.0012915
                     94,                0.76468,                 1.0966,                0.54695,                0.88191,                0.87251,                0.87057,                0.90187,                0.67161,                0.85459,                0.87062,                0.90575,                0.59865,                0.91316,                 1.3573,                 0.6341,                0.95305,              0.0012874,              0.0012874,              0.0012874
                     95,                0.76291,                 1.0827,                 0.5514,                0.88657,                0.86966,                0.85981,                0.89743,                0.67042,                0.87616,                0.87062,                0.91642,                0.59326,                0.89968,                 1.2863,                0.63425,                0.95591,              0.0012833,              0.0012833,              0.0012833
                     96,                0.79313,                 1.1194,                0.60174,                0.87992,                0.83024,                 0.8711,                0.88734,                0.63348,                0.82345,                0.82478,                0.87031,                0.57037,                0.97207,                 1.4549,                0.65782,                0.97284,              0.0012792,              0.0012792,              0.0012792
                     97,                0.78494,                 1.1081,                0.57588,                0.87454,                0.81185,                0.87825,                0.88143,                0.63974,                0.85534,                0.83765,                 0.8839,                0.57406,                0.95614,                 1.3975,                0.66709,                0.96753,               0.001275,               0.001275,               0.001275
                     98,                0.80169,                  1.147,                0.56214,                0.87786,                0.80589,                0.84931,                0.87447,                0.64236,                0.83669,                0.85081,                0.89289,                0.56133,                0.94918,                 1.6519,                0.66453,                0.97271,              0.0012709,              0.0012709,              0.0012709
                     99,                0.79544,                 1.0951,                0.57659,                0.87858,                0.75079,                0.85149,                0.86726,                0.63666,                0.79896,                0.83168,                0.89031,                0.53509,                0.93829,                 1.4779,                0.76427,                0.95704,              0.0012668,              0.0012668,              0.0012668
                    100,                0.82122,                 1.1975,                0.58008,                0.87765,                0.83693,                0.83036,                0.86435,                0.64374,                0.82036,                0.81744,                0.85764,                 0.5609,                 0.9404,                 1.4267,                  0.664,                0.95831,              0.0012627,              0.0012627,              0.0012627
                    101,                0.78409,                 1.1058,                0.56385,                0.87977,                0.82859,                0.84856,                0.88029,                0.65063,                0.82859,                0.84856,                0.88879,                0.59851,                0.94445,                 1.2616,                0.65955,                0.95143,              0.0012585,              0.0012585,              0.0012585
                    102,                0.80133,                  1.142,                0.59273,                 0.8774,                 0.7762,                0.87586,                0.87421,                0.63706,                0.78089,                0.88081,                0.88966,                0.55771,                0.95717,                 1.3315,                0.68269,                0.96203,              0.0012544,              0.0012544,              0.0012544
                    103,                0.76956,                 1.1143,                  0.548,                0.87259,                0.82254,                 0.8353,                0.87734,                 0.6439,                0.85518,                0.83035,                0.89025,                0.58689,                0.91799,                 1.2965,                0.64334,                0.95409,              0.0012503,              0.0012503,              0.0012503
                    104,                0.77837,                  1.072,                 0.5505,                 0.8754,                0.83664,                0.84587,                0.88271,                0.64339,                0.80806,                0.88016,                 0.8958,                0.57926,                0.95491,                  1.374,                0.65361,                0.95225,              0.0012462,              0.0012462,              0.0012462
                    105,                0.81247,                 1.1191,                0.59419,                0.90067,                0.84407,                0.86567,                0.88864,                0.65576,                0.84411,                  0.865,                0.89981,                0.57853,                0.92321,                 1.3193,                0.62088,                 0.9468,               0.001242,               0.001242,               0.001242
                    106,                0.77516,                 1.0552,                0.53292,                  0.868,                0.81509,                0.88325,                0.88075,                0.66486,                0.81844,                0.87557,                0.89534,                0.61307,                 0.9087,                 1.3031,                0.64841,                0.95225,              0.0012379,              0.0012379,              0.0012379
                    107,                0.76661,                 1.0657,                0.54145,                0.88121,                 0.7971,                0.89564,                0.89497,                0.65507,                0.84691,                0.85708,                0.90731,                0.59118,                0.97039,                 1.2997,                0.66024,                0.95388,              0.0012338,              0.0012338,              0.0012338
                    108,                0.77702,                 1.0839,                0.53874,                0.86183,                0.86131,                 0.8262,                0.90302,                0.68985,                0.81949,                0.88444,                0.91946,                0.63157,                0.85376,                 1.3159,                0.63266,                0.92756,              0.0012297,              0.0012297,              0.0012297
                    109,                0.76186,                 1.0796,                0.52715,                0.87219,                0.80434,                0.91022,                0.91099,                0.67489,                0.81023,                0.91517,                0.92484,                0.60439,                0.91148,                 1.3249,                 0.6181,                0.94158,              0.0012255,              0.0012255,              0.0012255
                    110,                0.77291,                 1.1034,                 0.5474,                0.88646,                0.84889,                0.86995,                0.90896,                0.68401,                0.84317,                0.86928,                0.91339,                0.61012,                0.88682,                 1.2946,                0.63198,                0.94702,              0.0012214,              0.0012214,              0.0012214
                    111,                0.82868,                  1.174,                0.56214,                0.87952,                 0.8346,                0.87977,                0.90536,                0.68727,                0.85012,                0.87753,                 0.9221,                0.61811,                0.87136,                 1.3595,                0.61961,                0.94374,              0.0012173,              0.0012173,              0.0012173
                    112,                0.78996,                 1.0823,                 0.5752,                0.88188,                0.85284,                0.80019,                0.87822,                0.64332,                0.77887,                0.87141,                0.88473,                0.54288,                0.94059,                 1.4182,                0.66904,                0.95345,              0.0012132,              0.0012132,              0.0012132
                    113,                0.79102,                 1.1297,                0.56756,                0.87774,                0.78112,                0.89109,                 0.8883,                0.68669,                0.81089,                0.88589,                 0.9083,                 0.6407,                0.87482,                 1.2652,                0.58947,                0.94482,               0.001209,               0.001209,               0.001209
                    114,                0.80278,                 1.1368,                0.59551,                0.88762,                0.82161,                0.86632,                0.89226,                0.68668,                0.80886,                0.89042,                0.90419,                0.60979,                0.88154,                 1.2939,                0.59452,                0.95632,              0.0012049,              0.0012049,              0.0012049
                    115,                0.75879,                 1.0129,                0.56645,                0.87373,                0.86507,                0.87287,                0.90542,                0.68315,                0.87043,                0.87715,                0.92123,                0.59807,                0.92027,                 1.3365,                0.58988,                0.95156,              0.0012008,              0.0012008,              0.0012008
                    116,                0.78741,                 1.0625,                0.54585,                0.85936,                0.87105,                 0.8947,                0.91417,                0.68594,                0.86538,                0.87919,                0.91482,                0.61134,                0.86904,                 1.3744,                0.59726,                0.93836,              0.0011967,              0.0011967,              0.0011967
                    117,                0.79599,                 1.1507,                0.56839,                0.88239,                0.85768,                0.87179,                 0.9004,                0.66968,                0.86648,                0.86052,                0.90521,                0.60351,                0.91186,                 1.3416,                0.61807,                0.95032,              0.0011925,              0.0011925,              0.0011925
                    118,                 0.7598,                 1.1051,                 0.5408,                0.87214,                0.86514,                 0.8452,                0.88713,                0.66675,                0.84902,                0.87242,                 0.9102,                0.60157,                0.90782,                 1.3094,                0.62323,                 0.9431,              0.0011884,              0.0011884,              0.0011884
                    119,                0.73359,                 1.0672,                0.51528,                0.87246,                0.84343,                0.84837,                0.87649,                0.66121,                0.81032,                0.84644,                0.87439,                0.57403,                0.90418,                 1.4093,                0.62669,                0.94353,              0.0011843,              0.0011843,              0.0011843
                    120,                 0.7679,                   1.11,                0.53785,                0.87268,                0.85313,                0.84337,                0.88976,                 0.6486,                0.84721,                0.83841,                0.87986,                 0.5451,                0.89738,                 1.3859,                0.65389,                0.94972,              0.0011802,              0.0011802,              0.0011802
                    121,                0.78544,                 1.0761,                0.53588,                0.87763,                0.84479,                0.87481,                0.89367,                 0.6638,                0.85534,                0.88472,                0.91314,                0.60088,                0.92587,                 1.3716,                0.61834,                0.96179,               0.001176,               0.001176,               0.001176
                    122,                0.76372,                 1.0723,                0.54424,                0.87902,                0.86455,                0.85577,                0.87638,                 0.6713,                 0.8667,                0.86303,                 0.8919,                0.60422,                0.89241,                 1.3472,                0.59919,                0.95709,              0.0011719,              0.0011719,              0.0011719
                    123,                0.79491,                  1.101,                0.52495,                0.86447,                0.84785,                0.86752,                0.88237,                0.66504,                0.86881,                0.88705,                 0.9105,                0.60334,                0.90004,                 1.3154,                0.61045,                0.95453,              0.0011678,              0.0011678,              0.0011678
                    124,                 0.8049,                 1.1248,                0.55274,                0.87635,                0.85889,                0.85938,                0.88308,                0.66125,                0.83215,                0.89418,                0.90514,                0.60466,                0.93866,                 1.4057,                0.61725,                0.95433,              0.0011636,              0.0011636,              0.0011636
                    125,                0.76544,                  1.058,                0.52841,                0.86976,                0.84518,                0.84587,                0.88582,                0.65817,                0.83327,                0.87721,                 0.9056,                0.60034,                0.88038,                 1.2893,                0.61413,                0.93682,              0.0011595,              0.0011595,              0.0011595
                    126,                0.74455,                 1.0218,                 0.5255,                0.88198,                0.83213,                0.87156,                0.89263,                0.66121,                0.84608,                0.88052,                0.91289,                0.59642,                0.90001,                 1.3316,                0.61461,                0.94108,              0.0011554,              0.0011554,              0.0011554
                    127,                0.76863,                 1.0738,                0.52288,                 0.8828,                0.83917,                0.84092,                0.88282,                0.64471,                0.81462,                0.84568,                0.87606,                0.56838,                 0.9589,                 1.5939,                0.63543,                0.96455,              0.0011513,              0.0011513,              0.0011513
                    128,                0.73772,                 1.0802,                0.50988,                0.86853,                0.83255,                 0.8848,                0.91036,                0.67829,                0.82582,                0.89172,                0.91779,                0.59217,                0.88556,                 1.2871,                0.59027,                0.93984,              0.0011471,              0.0011471,              0.0011471
                    129,                0.78163,                 1.1165,                0.51494,                0.86997,                0.85001,                0.82882,                  0.897,                0.67285,                 0.7766,                0.88052,                0.89928,                0.56239,                 0.9131,                 1.4517,                0.60715,                0.94785,               0.001143,               0.001143,               0.001143
                    130,                 0.7128,                 1.0416,                0.49056,                0.86281,                0.81471,                0.88052,                 0.9013,                0.67463,                0.80997,                0.88862,                0.91742,                0.59886,                0.90065,                 1.3318,                0.59748,                0.93841,              0.0011389,              0.0011389,              0.0011389
                    131,                0.75094,                 1.0729,                0.52759,                0.87313,                0.83508,                0.84587,                0.88994,                0.66452,                 0.8396,                0.84587,                0.90066,                0.58416,                 0.9126,                  1.348,                0.60819,                0.97699,              0.0011348,              0.0011348,              0.0011348
                    132,                0.75111,                 1.0448,                0.52109,                0.86666,                0.77868,                0.86995,                0.88801,                 0.6501,                0.77953,                  0.865,                0.89156,                 0.5709,                0.93754,                 1.4041,                0.63321,                0.97255,              0.0011306,              0.0011306,              0.0011306
                    133,                0.76263,                  1.112,                0.51593,                0.86639,                0.82666,                0.85697,                0.89732,                0.66262,                0.82666,                0.85697,                0.91261,                0.58129,                0.88488,                 1.3402,                0.61635,                0.95298,              0.0011265,              0.0011265,              0.0011265
                    134,                 0.7154,                  1.051,                 0.4792,                0.85043,                0.84458,                0.86928,                0.88661,                0.65484,                0.85978,                 0.8844,                0.91298,                0.58457,                0.90485,                 1.3907,                 0.6105,                0.95614,              0.0011224,              0.0011224,              0.0011224
                    135,                0.69403,                 1.0173,                0.49839,                0.86009,                0.85199,                0.87985,                0.90075,                0.67037,                0.86257,                0.88975,                0.91793,                0.58385,                0.89127,                 1.4156,                0.59312,                0.96798,              0.0011183,              0.0011183,              0.0011183
                    136,                0.76461,                 1.1128,                0.50642,                0.86058,                0.84065,                0.86946,                0.89506,                0.67294,                0.86762,                0.89354,                0.92738,                0.60062,                0.89731,                 1.3707,                0.60399,                0.95359,              0.0011141,              0.0011141,              0.0011141
                    137,                0.75619,                 1.0876,                0.53709,                0.88269,                0.83889,                0.88639,                0.90699,                0.67562,                0.84897,                0.89629,                0.92547,                 0.6044,                0.92104,                 1.4052,                0.58329,                0.94485,                0.00111,                0.00111,                0.00111
                    138,                0.73959,                 1.0337,                0.49216,                0.86749,                0.86122,                0.89537,                0.91605,                0.68015,                0.87618,                0.92271,                0.94326,                0.61556,                 0.8852,                 1.3059,                0.59961,                0.94133,              0.0011059,              0.0011059,              0.0011059
                    139,                0.78272,                  1.142,                0.61189,                0.87203,                0.87966,                0.87557,                0.91094,                0.67259,                0.86588,                0.89769,                0.92188,                0.59878,                0.93105,                 1.3424,                0.58726,                0.96357,              0.0011018,              0.0011018,              0.0011018
                    140,                0.74049,                 1.0069,                0.49572,                0.86371,                0.86042,                0.90434,                0.91877,                0.67945,                0.87463,                0.92012,                0.93701,                   0.63,                0.92638,                 1.3404,                0.59265,                0.96133,              0.0010976,              0.0010976,              0.0010976
                    141,                0.72475,                 1.0167,                0.50095,                0.86856,                0.83341,                0.88299,                0.89165,                0.65426,                0.83882,                0.88757,                0.90868,                0.58618,                0.92693,                 1.3705,                0.61818,                0.96595,              0.0010935,              0.0010935,              0.0010935
                    142,                0.74244,                 1.0344,                0.52063,                0.87134,                0.83058,                0.87557,                0.88148,                0.64351,                0.83405,                0.87071,                0.89103,                0.56491,                0.93348,                 1.3506,                0.62331,                0.95495,              0.0010894,              0.0010894,              0.0010894
                    143,                0.71382,                 1.0183,                0.49368,                0.86852,                0.84196,                0.88975,                0.88578,                0.67292,                0.86605,                0.87536,                0.89899,                0.60982,                0.86764,                 1.2931,                0.59281,                0.94553,              0.0010853,              0.0010853,              0.0010853
                    144,                0.74977,                 1.1503,                0.62198,                0.87628,                 0.8691,                0.88249,                0.89893,                0.66126,                0.86402,                0.87714,                0.90535,                0.57859,                 0.9367,                  1.341,                0.61218,                 0.9439,              0.0010811,              0.0010811,              0.0010811
                    145,                0.74602,                 1.0492,                 0.5047,                0.86016,                0.88574,                0.87478,                0.91101,                0.68091,                0.89416,                 0.8862,                0.92114,                0.61289,                0.89624,                 1.2887,                0.59383,                0.94596,               0.001077,               0.001077,               0.001077
                    146,                0.75202,                 1.0291,                0.50426,                0.87005,                0.86644,                 0.8672,                0.89858,                0.67902,                0.87697,                0.87666,                0.91953,                0.64371,                0.91565,                 1.2726,                0.60395,                  0.964,              0.0010729,              0.0010729,              0.0010729
                    147,                0.70791,                 1.0087,                0.47327,                0.86223,                0.82557,                0.88052,                0.89745,                0.66229,                0.82934,                0.87303,                0.91256,                0.59115,                0.93756,                 1.3517,                0.61786,                0.95937,              0.0010688,              0.0010688,              0.0010688
                    148,                0.78951,                 1.0885,                0.52867,                0.88671,                0.80983,                0.88536,                0.88883,                0.66356,                0.81481,                0.89007,                0.90627,                0.60009,                0.92097,                 1.2999,                0.63711,                0.94575,              0.0010646,              0.0010646,              0.0010646
                    149,                0.75272,                 1.0896,                0.52131,                 0.8723,                0.81413,                0.87557,                0.88423,                0.67508,                0.79667,                0.88547,                0.90591,                0.61841,                0.85961,                 1.2958,                0.62489,                0.93857,              0.0010605,              0.0010605,              0.0010605
                    150,                0.72419,                 1.0122,                0.49734,                0.86094,                0.81666,                0.86268,                0.88286,                0.65136,                 0.8113,                0.85773,                0.88717,                0.56487,                0.93583,                  1.389,                0.66444,                0.96128,              0.0010564,              0.0010564,              0.0010564
                    151,                0.75177,                 1.0595,                0.61134,                0.88789,                 0.7993,                0.89042,                0.89634,                0.66791,                0.77821,                0.87062,                0.88742,                0.59321,                0.89858,                 1.3268,                0.67778,                0.95133,              0.0010523,              0.0010523,              0.0010523
                    152,                0.75824,                 1.0633,                0.49951,                0.86749,                 0.8619,                0.86645,                0.90555,                 0.6768,                0.86738,                0.87101,                0.91387,                 0.5972,                0.89935,                 1.3601,                0.61562,                0.95283,              0.0010481,              0.0010481,              0.0010481
                    153,                0.72162,                0.98983,                0.53807,                0.87343,                0.82642,                0.90461,                0.90124,                0.68605,                0.84381,                0.90162,                 0.9156,                0.61427,                0.87614,                 1.3617,                0.59994,                0.94571,               0.001044,               0.001044,               0.001044
                    154,                0.70762,                 1.0216,                0.48207,                0.85537,                0.81738,                0.89042,                0.89238,                0.66502,                0.84433,                 0.8764,                0.90642,                0.59651,                0.87245,                 1.4023,                0.59548,                0.95263,              0.0010399,              0.0010399,              0.0010399
                    155,                0.71272,                 1.0477,                0.50695,                0.85605,                0.83229,                 0.8848,                0.87899,                0.66261,                0.84373,                 0.8947,                0.89175,                0.59307,                0.92185,                 1.3874,                0.60983,                0.96361,              0.0010357,              0.0010357,              0.0010357
                    156,                0.72428,                  1.031,                0.48868,                0.86982,                0.86518,                0.85872,                0.88621,                0.67828,                0.87215,                0.86367,                0.89561,                0.59839,                0.89093,                 1.3496,                0.61043,                0.96229,              0.0010316,              0.0010316,              0.0010316
                    157,                0.74053,                 1.0477,                0.49848,                0.86194,                0.84904,                0.89316,                0.90297,                0.66704,                0.84555,                  0.896,                0.90768,                0.60421,                 0.9082,                 1.3503,                0.58005,                0.95393,              0.0010275,              0.0010275,              0.0010275
                    158,                0.74378,                  1.027,                0.53142,                0.86923,                  0.847,                0.87256,                0.89274,                0.63952,                0.83319,                0.86995,                0.89828,                0.57418,                0.95276,                 1.4278,                0.60146,                0.95962,              0.0010234,              0.0010234,              0.0010234
                    159,                0.68913,                0.99888,                0.46405,                0.86378,                0.80516,                0.89633,                0.89919,                 0.6839,                0.80039,                0.89071,                0.90649,                0.62698,                0.87134,                 1.3031,                0.57568,                 0.9447,              0.0010192,              0.0010192,              0.0010192
                    160,                0.74853,                 1.0051,                0.48811,                0.85541,                0.82152,                0.86736,                0.89749,                0.67146,                0.82172,                0.86669,                0.91509,                0.60608,                0.91822,                 1.4906,                0.60037,                0.96888,              0.0010151,              0.0010151,              0.0010151
                    161,                0.72773,                0.98888,                0.48148,                0.86866,                0.84812,                0.84092,                0.88713,                0.65282,                0.85206,                0.84025,                0.90713,                0.58694,                 0.9333,                 1.3625,                0.62492,                0.97031,               0.001011,               0.001011,               0.001011
                    162,                0.74737,                 1.0421,                0.48448,                0.87936,                0.84071,                0.87557,                 0.8973,                0.66163,                0.83554,                0.86995,                0.89976,                 0.5942,                0.91365,                 1.3995,                0.60595,                0.96384,              0.0010069,              0.0010069,              0.0010069
                    163,                0.71198,                0.96917,                0.47936,                0.85827,                0.86081,                0.88104,                0.90406,                0.67664,                0.84294,                 0.8848,                0.90573,                0.60613,                 0.8905,                 1.3586,                0.57537,                0.95665,              0.0010027,              0.0010027,              0.0010027
